URL,Text,Valid,Datetime
http://www.techtarget.com/network,"
SearchStorage
",True,"02-02, 2018, 02:19 PM"
http://searchstorage.techtarget.com,"


",True,"02-02, 2018, 02:19 PM"
https://users.techtarget.com/registration/searchStorage/LoginRegister.page,"Sign-up now. Start my free, unlimited access.",True,"02-02, 2018, 02:19 PM"
https://users.techtarget.com/registration/searchStorage/LoginRegister.page,Login,True,"02-02, 2018, 02:19 PM"
https://users.techtarget.com/registration/searchStorage/Register.page,Register,True,"02-02, 2018, 02:19 PM"
http://www.techtarget.com/network,Techtarget Network,True,"02-02, 2018, 02:19 PM"
http://searchstorage.techtarget.com/info/news,News,True,"02-02, 2018, 02:19 PM"
http://searchstorage.techtarget.com/features,Features,True,"02-02, 2018, 02:19 PM"
http://searchstorage.techtarget.com/tips,Tips,True,"02-02, 2018, 02:19 PM"
http://searchstorage.techtarget.com/answers,Answers,True,"02-02, 2018, 02:19 PM"
http://whatis.techtarget.com/resources/Buyers-Guides,Buyer's Guides,True,"02-02, 2018, 02:19 PM"
http://searchstorage.techtarget.com/definitions,Definitions,True,"02-02, 2018, 02:19 PM"
http://searchstorage.techtarget.com/guides,Essential Guides,True,"02-02, 2018, 02:19 PM"
http://searchstorage.techtarget.com/opinions,Opinions,True,"02-02, 2018, 02:19 PM"
http://searchstorage.techtarget.com/photostories,Photo Stories,True,"02-02, 2018, 02:19 PM"
http://searchstorage.techtarget.com/podcasts,Podcasts,True,"02-02, 2018, 02:19 PM"
http://searchstorage.techtarget.com/quizzes,Quizzes,True,"02-02, 2018, 02:19 PM"
http://searchstorage.techtarget.com/tutorials,Tutorials,True,"02-02, 2018, 02:19 PM"
http://searchstorage.techtarget.com/sponsored_communities,Sponsored Communities,True,"02-02, 2018, 02:19 PM"
http://searchstorage.techtarget.com/blog/Storage-Soup,Storage Soup Blog,True,"02-02, 2018, 02:19 PM"
http://searchstorage.techtarget.com,"

SearchStorage
",True,"02-02, 2018, 02:19 PM"
http://searchstorage.techtarget.com/resources/Cloud-Storage,"
								Cloud storage",True,"02-02, 2018, 02:19 PM"
http://searchstorage.techtarget.com/resources/Application-storage, Application storage,True,"02-02, 2018, 02:19 PM"
http://searchstorage.techtarget.com/resources/Flash-memory, Flash memory,True,"02-02, 2018, 02:19 PM"
http://searchstorage.techtarget.com/resources/Object-storage, Object storage,True,"02-02, 2018, 02:19 PM"
http://searchstorage.techtarget.com/resources/Primary-storage-devices, Primary storage  devices,True,"02-02, 2018, 02:19 PM"
http://searchstorage.techtarget.com/resources/Software-defined-storage, Software-defined storage,True,"02-02, 2018, 02:19 PM"
http://searchstorage.techtarget.com/resources/Solid-State-Storage, Solid-state storage,True,"02-02, 2018, 02:19 PM"
http://searchstorage.techtarget.com/resources/Storage-management-and-analytics, Storage management and analytics,True,"02-02, 2018, 02:19 PM"
http://searchstorage.techtarget.com/resources/Storage-market-research-reports, Storage market research reports,True,"02-02, 2018, 02:19 PM"
http://searchstorage.techtarget.com/resources/Storage-vendors, Storage vendors,True,"02-02, 2018, 02:19 PM"
http://searchstorage.techtarget.com/resources,All Topics,True,"02-02, 2018, 02:19 PM"
http://searchstorage.techtarget.com/resources/Cloud-storage-management-and-standards, Cloud storage management and standards,True,"02-02, 2018, 02:19 PM"
http://searchstorage.techtarget.com/resources/Cloud-storage-gateways, Cloud storage gateways,True,"02-02, 2018, 02:19 PM"
http://searchstorage.techtarget.com/resources/Cloud-storage-management-and-standards, Cloud storage management and standards,True,"02-02, 2018, 02:19 PM"
http://searchstorage.techtarget.com/resources/Hybrid-cloud-storage, Hybrid cloud storage,True,"02-02, 2018, 02:19 PM"
http://searchstorage.techtarget.com/resources/Private-Cloud-Storage, Private cloud,True,"02-02, 2018, 02:19 PM"
http://searchstorage.techtarget.com/resources/Public-Cloud-Storage, Public cloud,True,"02-02, 2018, 02:19 PM"
http://searchstorage.techtarget.com/resources/Cloud-Storage,All Subtopics,True,"02-02, 2018, 02:19 PM"
https://plus.google.com/u/0/106000202575757202315,,True,"02-02, 2018, 02:19 PM"
https://www.facebook.com/Search-Storage/10150115721885374,,True,"02-02, 2018, 02:19 PM"
https://twitter.com/searchstoragett,,True,"02-02, 2018, 02:19 PM"
http://www.linkedin.com/company/3007485?trk=tyah,,False,"02-02, 2018, 02:19 PM"
http://searchstorage.techtarget.com/info/getstarted,Get started,True,"02-02, 2018, 02:19 PM"
http://searchaws.techtarget.com/tip/Boto-gains-foothold-as-AWS-SDK-for-Python-standard,Boto gains foothold as AWS SDK for Python standard,True,"02-02, 2018, 02:19 PM"
http://searchaws.techtarget.com/definition/Boto,Boto,True,"02-02, 2018, 02:19 PM"
http://searchaws.techtarget.com/tip/AWS-SDKs-match-services-to-language-platform,"AWS SDKs match services to language, platform",True,"02-02, 2018, 02:19 PM"
http://www.convergedinfrastructure.com/The-Lowdown-on-Software-Defined-Storage-in-the-Data-Center?asrc=SS_sstr_SN-450433401,The Lowdown on Software-Defined Storage in the Data Center,True,"02-02, 2018, 02:19 PM"
http://searchstorage.techtarget.com/hyperconvergedspotlight/One-More-Reason-to-Use-HCI-Bolstering-Security?asrc=SS_sstr_SN-450433401,One More Reason to Use HCI: Bolstering Security,True,"02-02, 2018, 02:19 PM"
http://searchstorage.techtarget.com/sponsored_communities,See More,True,"02-02, 2018, 02:19 PM"
https://www.bitpipe.com/detail/RES/1515782281_21.html,A Hybrid Cloud Approach To Big Data In The Enterprise,True,"02-02, 2018, 02:19 PM"
https://users.techtarget.com/registration/searchstorage/LoginRegister,Sign in for existing members,True,"02-02, 2018, 02:19 PM"
https://users.techtarget.com/registration/searchstorage/LoginRegister,login,True,"02-02, 2018, 02:19 PM"
https://users.techtarget.com/registration/searchStorage/DisplayConsentText.page?languageCd=en&enText=true,Declaration of Consent.,True,"02-02, 2018, 02:19 PM"
http://www.techtarget.com/html/privacy_partners_0-c.html,partners,True,"02-02, 2018, 02:19 PM"
http://searchstorage.techtarget.com/about/copyright,Terms of Use,True,"02-02, 2018, 02:19 PM"
http://www.techtarget.com/html/privacy_policy.html,Privacy Policy,True,"02-02, 2018, 02:19 PM"
http://www.computerweekly.com/feature/Hot-skills-Python,native Python,True,"02-02, 2018, 02:19 PM"
http://searchmicroservices.techtarget.com/tip/Support-for-RESTful-Web-Services-Part-1,specify an action and an endpoint,True,"02-02, 2018, 02:19 PM"
http://searchsoftwarequality.techtarget.com/tip/Why-use-POST-vs-GET-to-keep-applications-secure,PUT or POST method,True,"02-02, 2018, 02:19 PM"
http://searchaws.techtarget.com/definition/Boto,Python SDK provided by Amazon,True,"02-02, 2018, 02:19 PM"
http://searchsecurity.techtarget.com/tip/Why-authorization-management-is-paramount-for-cybersecurity-readiness,authentication and authorization scheme,True,"02-02, 2018, 02:19 PM"
http://searchaws.techtarget.com/feature/Book-excerpt-AWS-S3-tutorial-for-newbies,AWS S3 services,True,"02-02, 2018, 02:19 PM"
https://wiki.python.org/moin/DocumentationTools,output produced,True,"02-02, 2018, 02:19 PM"
http://searchstorage.techtarget.com/archive/2018/1,January 2018,True,"02-02, 2018, 02:19 PM"
http://searchstorage.techtarget.com/news/450431845/Misconfigured-Amazon-S3-buckets-expose-sensitive-data,Misconfigured Amazon S3 buckets expose sensitive data,True,"02-02, 2018, 02:19 PM"
http://searchstorage.techtarget.com/definition/cloud-data-management,cloud data management,True,"02-02, 2018, 02:19 PM"
http://searchstorage.techtarget.com/definition/Cinder-OpenStack-Block-Storage,OpenStack Block Storage (Cinder),True,"02-02, 2018, 02:19 PM"
http://searchstorage.techtarget.com/feature/Businesses-use-enterprise-file-sync-and-share-market-to-collaborate,Businesses use enterprise file sync-and-share market to collaborate,True,"02-02, 2018, 02:19 PM"
http://searchstorage.techtarget.com/resources/Cloud-storage-management-and-standards,"

										View All
",True,"02-02, 2018, 02:19 PM"
http://searchstorage.techtarget.com/news/450431845/Misconfigured-Amazon-S3-buckets-expose-sensitive-data,Misconfigured Amazon S3 buckets expose sensitive data,True,"02-02, 2018, 02:19 PM"
http://searchstorage.techtarget.com/feature/Businesses-use-enterprise-file-sync-and-share-market-to-collaborate,Businesses use enterprise file sync-and-share market to collaborate,True,"02-02, 2018, 02:20 PM"
http://searchstorage.techtarget.com/opinion/Showback-the-value-of-your-data-storage-expertise,Showback the value of your data storage expertise,True,"02-02, 2018, 02:20 PM"
http://searchstorage.techtarget.com/news/450403064/Hitachi-Content-Intelligence-searches-analyzes-data,"Hitachi Content Intelligence searches, analyzes data",True,"02-02, 2018, 02:20 PM"
http://searchstorage.techtarget.com/info/news/Cloud-storage-management-and-standards,"

										View All News
",True,"02-02, 2018, 02:20 PM"
http://searchstorage.techtarget.com/definition/cloud-data-management,cloud data management,True,"02-02, 2018, 02:20 PM"
http://searchstorage.techtarget.com/definition/Cinder-OpenStack-Block-Storage,OpenStack Block Storage (Cinder),True,"02-02, 2018, 02:20 PM"
http://searchstorage.techtarget.com/definition/Zadara-VPSA-and-ZIOS,Zadara VPSA and ZIOS,True,"02-02, 2018, 02:20 PM"
http://searchstorage.techtarget.com/definition/pay-as-you-grow-pricing,pay-as-you-grow pricing,True,"02-02, 2018, 02:20 PM"
http://searchstorage.techtarget.com/info/getstarted/Cloud-storage-management-and-standards,"

										View All Get started
",True,"02-02, 2018, 02:20 PM"
http://searchstorage.techtarget.com/feature/Businesses-use-enterprise-file-sync-and-share-market-to-collaborate,Businesses use enterprise file sync-and-share market to collaborate,True,"02-02, 2018, 02:20 PM"
http://searchstorage.techtarget.com/opinion/With-on-premises-storage-storage-administrators-must-adapt-or-perish,"With on-premises storage, storage administrators must adapt or perish",True,"02-02, 2018, 02:20 PM"
http://searchstorage.techtarget.com/tip/Why-a-cloud-storage-architecture-is-a-good-virtual-server-option,Why a cloud storage architecture is a good virtual server option,True,"02-02, 2018, 02:20 PM"
http://searchstorage.techtarget.com/opinion/Its-time-to-redefine-the-enterprise-file-sync-and-share-market,It's time to redefine the enterprise file sync-and-share market,True,"02-02, 2018, 02:20 PM"
http://searchstorage.techtarget.com/info/evaluate/Cloud-storage-management-and-standards,"

										View All Evaluate
",True,"02-02, 2018, 02:20 PM"
http://searchstorage.techtarget.com/opinion/Showback-the-value-of-your-data-storage-expertise,Showback the value of your data storage expertise,True,"02-02, 2018, 02:20 PM"
http://searchstorage.techtarget.com/feature/Understand-enterprise-file-sync-and-share-deployment-models,Understand enterprise file sync-and-share deployment models,True,"02-02, 2018, 02:20 PM"
http://searchstorage.techtarget.com/answer/What-are-the-best-ways-to-manage-multiple-cloud-providers,What are the best ways to manage multiple cloud providers?,True,"02-02, 2018, 02:20 PM"
http://searchstorage.techtarget.com/essentialguide/The-case-for-cloud-storage-Cloud-considerations-and-strategies,The case for cloud storage: Cloud considerations and strategies,True,"02-02, 2018, 02:20 PM"
http://searchstorage.techtarget.com/info/manage/Cloud-storage-management-and-standards,"

										View All Manage
",True,"02-02, 2018, 02:20 PM"
http://searchstorage.techtarget.com/answer/How-can-I-ensure-peak-cloud-storage-performance,How can I ensure peak cloud storage performance?,True,"02-02, 2018, 02:20 PM"
http://searchstorage.techtarget.com/answer/Can-storage-hypervisors-bring-high-availability-to-the-cloud,Can storage hypervisors bring high availability to the cloud?,True,"02-02, 2018, 02:20 PM"
http://searchstorage.techtarget.com/tip/Eight-questions-to-ask-before-using-cloud-storage,Eight questions to ask before using cloud storage,True,"02-02, 2018, 02:20 PM"
http://searchstorage.techtarget.com/tip/Cloud-based-archiving-Is-it-right-for-your-environment,Cloud-based archiving: Is it right for your environment?,True,"02-02, 2018, 02:20 PM"
http://searchstorage.techtarget.com/info/problemsolve/Cloud-storage-management-and-standards,"

										View All Problem solve
",True,"02-02, 2018, 02:20 PM"
http://pro.techtarget.com/ProLP?Offer=PROContentBox,here.,True,"02-02, 2018, 02:20 PM"
http://searchstorage.techtarget.com/ezine/Storage-magazine/Storage-startup-trends-Vendors-to-watch-in-2018,Storage startup trends: Vendors to watch in 2018,True,"02-02, 2018, 02:20 PM"
http://searchstorage.techtarget.com/ezine/Storage-magazine/The-hottest-data-storage-technology-trends-for-2018,The hottest data storage technology trends for 2018,True,"02-02, 2018, 02:20 PM"
http://searchstorage.techtarget.com/ehandbook/Manage-multiple-clouds-for-security-and-strong-data-backup,Manage multiple clouds for security and strong data backup,True,"02-02, 2018, 02:20 PM"
http://www.techtarget.com/html/privacy_policy.html,Privacy,True,"02-02, 2018, 02:20 PM"
https://www.google.com/adsense/support/bin/request.py?contact=abg_afc,-ADS BY GOOGLE,True,"02-02, 2018, 02:20 PM"
http://searchdisasterrecovery.techtarget.com,"
SearchDisasterRecovery",True,"02-02, 2018, 02:20 PM"
http://searchdisasterrecovery.techtarget.com/news/252434195/Arcserve-Unified-Data-Protection-cuts-downtime-for-cloud-DR,Arcserve Unified Data Protection cuts downtime for cloud DR,True,"02-02, 2018, 02:20 PM"
http://searchdisasterrecovery.techtarget.com/tip/Enhance-your-GRC-program-with-business-continuity-and-DR,Enhance your GRC program with business continuity and DR,True,"02-02, 2018, 02:20 PM"
http://searchdisasterrecovery.techtarget.com/news/450432781/Frost-Science-Museum-IT-DR-planning-braced-for-worst-survived-Irma,"Frost Science Museum IT DR planning braced for worst, survived Irma",True,"02-02, 2018, 02:20 PM"
http://searchdatabackup.techtarget.com,"
SearchDataBackup",True,"02-02, 2018, 02:20 PM"
http://searchdatabackup.techtarget.com/tip/Build-data-storage-reliability-into-a-backup-infrastructure,Build data storage reliability into a backup infrastructure,True,"02-02, 2018, 02:20 PM"
http://searchdatabackup.techtarget.com/podcast/Veeam-CEO-Peter-McKay-details-companys-plans-challenges,"Veeam CEO Peter McKay details company's plans, challenges",True,"02-02, 2018, 02:20 PM"
http://searchdatabackup.techtarget.com/tip/The-role-of-a-GDPR-data-protection-officer,The role of a GDPR data protection officer,True,"02-02, 2018, 02:20 PM"
http://searchconvergedinfrastructure.techtarget.com,"
SearchConvergedInfrastructure",True,"02-02, 2018, 02:20 PM"
http://searchconvergedinfrastructure.techtarget.com/tip/The-impact-of-Spectre-and-Meltdown-vulnerabilities-on-storage,"Spectre, Meltdown vulnerabilities put SDS, HCI at risk",True,"02-02, 2018, 02:20 PM"
http://searchconvergedinfrastructure.techtarget.com/feature/Hypervisor-software-and-your-hyper-converged-infrastructure,Hypervisor software and your hyper-converged infrastructure,True,"02-02, 2018, 02:20 PM"
http://searchconvergedinfrastructure.techtarget.com/tip/Converged-vs-hyper-converged-labels-dont-apply-to-some-products,Converged vs. hyper-converged labels don't apply to some products,True,"02-02, 2018, 02:20 PM"
http://searchstorage.techtarget.com/about,About Us,True,"02-02, 2018, 02:20 PM"
http://searchstorage.techtarget.com/about/editors,Meet The Editors,True,"02-02, 2018, 02:20 PM"
http://searchstorage.techtarget.com/about/contact,Contact Us,True,"02-02, 2018, 02:20 PM"
https://www.techtarget.com/html/privacy_policy.html,Privacy Policy,True,"02-02, 2018, 02:20 PM"
http://searchstorage.techtarget.com/about/advertising,Advertisers,True,"02-02, 2018, 02:20 PM"
http://searchstorage.techtarget.com/about/partners,Business Partners,True,"02-02, 2018, 02:20 PM"
http://www.techtarget.com/mediakit,Media Kit,True,"02-02, 2018, 02:20 PM"
https://www.techtarget.com,Corporate Site,True,"02-02, 2018, 02:20 PM"
http://searchstorage.techtarget.com/contributors,Contributors,True,"02-02, 2018, 02:20 PM"
http://reprints.ygsgroup.com/m/techtarget,Reprints,True,"02-02, 2018, 02:20 PM"
http://searchstorage.techtarget.com/archive,Archive,True,"02-02, 2018, 02:20 PM"
http://searchstorage.techtarget.com/sitemap,Site Map,True,"02-02, 2018, 02:20 PM"
http://searchstorage.techtarget.com/answers,Answers,True,"02-02, 2018, 02:20 PM"
http://searchstorage.techtarget.com/definitions,Definitions,True,"02-02, 2018, 02:20 PM"
http://searchstorage.techtarget.com/eproducts,E-Products,True,"02-02, 2018, 02:20 PM"
http://searchstorage.techtarget.com/events,Events,True,"02-02, 2018, 02:20 PM"
http://searchstorage.techtarget.com/features,Features,True,"02-02, 2018, 02:20 PM"
http://searchstorage.techtarget.com/guides,Guides,True,"02-02, 2018, 02:20 PM"
http://searchstorage.techtarget.com/opinions,Opinions,True,"02-02, 2018, 02:20 PM"
http://searchstorage.techtarget.com/photostories,Photo Stories,True,"02-02, 2018, 02:20 PM"
http://searchstorage.techtarget.com/quizzes,Quizzes,True,"02-02, 2018, 02:20 PM"
http://searchstorage.techtarget.com/tips,Tips,True,"02-02, 2018, 02:20 PM"
http://searchstorage.techtarget.com/tutorials,Tutorials,True,"02-02, 2018, 02:20 PM"
http://searchstorage.techtarget.com/videos,Videos,True,"02-02, 2018, 02:20 PM"
http://searchstorage.techtarget.com/about/copyright,Copyright 2000 - 2018,True,"02-02, 2018, 02:20 PM"
